,AVG
0,3
2,1
4,3
6,2
8,2
10,-1
12,2
14,-1
16,1
18,1
20,4
22,1
24,1
26,5
28,4
30,4
32,4
34,3
36,2
38,1
40,4
42,3
44,-2
46,-2
48,1
50,0
52,2
54,0
56,3
58,1
60,-2
62,-1
64,-1
66,3
68,2
70,2
72,2
74,1
76,0
78,-4
80,-1
82,-7
84,2
86,2
88,2
90,6
92,6
94,6
96,6
98,5
100,7
102,7
104,6
106,6
108,8
110,6
112,5
114,7
116,2
118,6
120,4
122,3
124,3
126,2
128,0
130,5
132,6
134,6
136,5
138,6
140,3
142,2
144,4
146,4
148,6
150,7
152,8
154,7
156,6
158,6
160,6
162,8
164,4
166,6
168,7
170,2
172,6
174,10
176,11
178,5
180,3
182,5
184,5
186,5
188,-1
190,0
192,0
194,4
196,1
198,-1
200,-1
202,1
204,2
206,4
208,5
210,7
212,6
214,7
216,8
218,8
220,3
222,3
224,8
226,5
228,5
230,8
232,7
234,4
236,5
238,3
240,3
242,4
244,3
246,6
248,4
250,4
252,4
254,3
256,7
258,9
260,9
262,6
264,8
266,7
268,7
270,6
272,8
274,7
276,6
278,8
280,7
282,5
284,5
286,8
288,9
289,
291,8
293,7
295,8
297,7
299,10
301,11
303,9
305,10
307,13
309,11
311,11
313,11
315,15
317,12
319,15
321,15
323,11
325,15
327,12
329,9
331,13
333,10
335,9
337,11
339,12
341,8
343,8
345,13
347,13
349,10
351,8
353,10
355,12
357,11
359,10
361,10
363,12
365,13
367,13
369,12
371,13
373,14
375,14
377,13
379,12
381,13
383,13
385,12
387,13
389,14
391,18
393,18
395,13
397,13
399,13
401,13
403,12
405,12
407,12
409,14
411,13
413,15
415,13
417,13
419,13
421,11
423,10
425,10
427,10
429,12
431,14
433,14
435,14
437,14
439,13
441,13
443,10
445,11
447,14
449,14
451,12
453,10
455,13
457,13
459,11
461,11
463,14
465,15
467,14
469,13
471,14
473,12
475,11
477,10
479,12
481,11
483,12
485,11
487,11
489,11
491,8
493,14
495,15
497,17
499,15
501,14
503,14
505,14
507,10
509,12
511,13
513,13
515,12
517,14
519,12
521,13
523,10
525,12
527,14
529,10
531,13
533,11
535,15
537,11
539,10
541,8
543,8
545,9
547,10
549,9
551,10
553,7
555,7
557,12
559,13
561,15
563,9
565,8
567,5
569,11
571,12
573,6
575,6
577,8
579,11
581,14
583,11
585,5
587,6
589,7
591,13
593,10
595,8
597,11
599,10
601,9
603,9
605,6
607,8
609,7
611,5
613,5
615,8
617,9
619,7
621,8
623,10
625,6
627,7
629,10
631,9
633,10
635,9
637,9
639,4
641,10
643,12
645,9
647,4
649,5
651,6
653,6
655,4
657,4
659,3
661,0
663,1
665,5
667,5
669,1
671,4
673,4
675,5
677,4
679,2
681,7
683,3
685,3
687,4
689,7
691,8
693,5
695,10
697,6
699,6
701,2
703,6
705,5
707,3
709,3
711,4
713,6
715,4
717,5
719,6
721,1
723,2
725,9
727,8
0,4
2,8
4,4
6,5
8,8
10,10
12,6
14,5
16,2
18,2
20,8
22,2
24,5
26,5
28,4
30,5
32,7
34,3
36,3
38,8
40,8
42,6
44,8
46,6
48,7
50,7
52,3
54,2
56,3
58,4
60,5
62,7
64,0
66,5
68,5
70,4
72,6
74,6
76,6
78,4
80,2
82,3
84,2
86,-1
88,2
90,4
92,4
94,6
96,3
98,4
100,5
102,4
104,4
106,2
108,2
110,2
112,0
114,0
116,3
118,6
120,3
122,3
124,5
126,2
128,2
130,0
132,2
134,8
136,3
138,6
140,4
142,1
144,3
146,5
148,6
150,1
152,6
154,2
156,4
158,2
160,4
162,5
164,6
166,8
168,8
170,3
172,3
174,4
176,2
178,5
180,6
182,6
184,4
186,0
188,4
190,8
192,9
194,6
196,8
198,4
200,8
202,10
204,7
206,3
208,2
210,7
212,6
214,3
216,6
218,7
220,7
222,7
224,8
226,8
228,6
230,7
232,7
234,5
236,4
238,6
240,7
242,7
244,8
246,5
248,5
250,7
252,6
254,5
256,9
258,8
260,3
262,4
264,4
266,3
268,6
270,8
272,7
274,8
276,8
278,8
280,11
282,11
284,10
286,10
288,10
290,11
292,11
294,10
296,11
298,11
300,13
302,11
304,11
306,10
308,8
310,6
312,7
314,9
316,8
318,7
320,7
322,10
324,9
326,9
328,10
330,11
332,12
334,12
336,13
338,11
340,12
342,12
344,12
346,12
348,12
350,15
352,12
354,13
356,14
358,13
360,13
362,13
364,11
366,8
368,10
370,10
372,10
374,11
376,8
378,8
380,11
382,10
384,10
386,13
388,13
390,12
392,10
394,14
396,14
398,11
400,11
402,11
404,10
406,12
408,13
410,13
412,13
414,13
416,13
418,11
420,11
422,11
424,14
426,14
428,12
430,11
432,12
434,16
436,14
438,17
440,12
442,13
444,13
446,13
448,15
450,13
452,12
454,13
456,12
458,13
460,14
462,14
464,15
466,15
468,14
470,11
472,8
474,10
476,11
478,9
480,10
482,9
484,9
486,11
488,12
490,14
492,14
494,13
496,10
498,9
500,12
502,13
504,11
506,10
508,12
510,10
512,10
514,14
516,14
518,9
520,12
522,13
524,13
526,10
528,13
530,12
532,7
534,6
536,7
538,7
540,7
542,10
544,7
546,11
548,9
550,10
552,10
554,13
556,12
558,11
560,9
562,7
564,6
566,5
568,9
570,8
572,10
574,10
576,8
578,8
580,6
582,4
584,8
586,10
588,10
590,9
592,8
594,8
596,9
598,10
600,7
602,7
604,7
606,10
608,8
610,9
612,8
614,5
616,6
618,11
620,8
622,7
624,8
626,11
628,10
630,11
632,11
634,10
636,9
638,10
640,8
642,10
644,12
646,3
648,4
650,8
652,6
654,5
656,8
658,5
660,4
662,6
664,6
666,3
668,8
670,3
672,6
674,1
676,2
678,6
680,5
682,4
684,7
686,7
688,8
690,8
692,8
694,8
696,9
698,7
700,7
702,8
704,9
706,9
708,8
710,6
712,4
714,2
716,1
718,2
720,5
722,3
724,0
726,2
728,0
730,2
0,6
2,3
4,3
6,7
8,7
10,7
12,8
14,6
16,2
18,8
20,7
22,7
24,8
26,1
28,8
30,6
32,2
34,1
36,5
38,0
40,2
42,2
44,-1
46,-2
48,5
50,4
52,3
54,0
56,-1
58,-1
60,0
62,1
64,0
66,-1
68,2
70,1
72,4
74,2
76,4
78,6
80,3
82,2
84,6
86,7
88,9
90,9
92,6
94,9
96,7
98,4
100,8
102,7
104,10
106,10
108,6
110,10
112,9
114,4
116,6
118,5
120,6
122,6
124,4
126,2
128,4
130,6
132,2
134,4
136,1
138,2
140,5
142,3
144,5
146,4
148,3
150,3
152,3
154,6
156,7
158,9
160,9
162,4
164,5
166,6
168,7
170,10
172,9
174,9
176,5
178,1
180,5
182,4
184,5
186,6
188,7
190,4
192,7
194,6
196,7
198,3
200,5
202,5
204,6
206,6
208,6
210,7
212,7
214,8
216,8
218,11
220,11
222,13
224,9
226,9
228,9
230,9
232,9
234,9
236,8
238,8
240,7
242,8
244,4
246,4
248,6
250,3
252,2
254,3
256,4
258,4
260,5
262,5
264,10
266,9
268,10
270,9
272,10
274,8
276,10
278,9
280,9
282,9
284,8
286,8
288,8
290,7
292,7
294,5
296,6
298,8
300,8
302,12
304,11
306,11
308,11
310,9
312,8
314,10
316,10
318,9
320,9
322,8
324,9
326,8
328,10
330,10
332,12
334,12
336,11
338,13
339,14
340,13
342,10
344,10
346,10
348,12
350,11
352,11
354,11
356,11
358,15
360,14
362,12
364,10
366,10
368,12
370,11
372,11
374,9
376,11
378,11
380,13
382,12
384,11
386,13
388,12
390,13
392,11
394,13
396,14
398,14
400,13
402,14
404,15
406,18
408,17
410,16
412,16
414,16
416,16
418,15
420,15
422,14
424,15
426,14
428,13
430,13
432,15
434,14
436,13
438,13
440,12
442,13
444,12
446,10
448,10
450,11
452,14
454,13
456,14
458,14
460,14
462,10
464,13
466,11
468,14
470,15
472,14
474,14
476,14
478,15
480,12
482,14
484,12
486,11
488,9
490,10
492,11
494,9
496,11
498,8
500,9
502,12
504,10
506,13
508,12
510,10
512,12
514,11
516,9
518,8
520,8
522,12
524,10
526,13
528,13
530,13
532,13
534,13
536,13
538,10
540,10
542,12
544,8
546,5
548,8
550,7
552,10
554,8
556,11
558,12
560,10
562,10
564,10
566,10
568,8
570,5
572,5
574,11
576,10
578,5
580,10
582,10
584,7
586,6
588,10
590,11
592,11
594,3
596,5
598,7
600,4
602,4
604,2
606,6
608,9
610,9
612,8
614,8
616,7
618,3
620,5
622,4
624,3
626,5
628,6
630,7
632,0
634,1
636,4
638,1
640,2
642,1
644,0
646,7
648,8
650,8
652,9
654,9
656,9
658,9
660,8
662,6
664,2
666,2
668,2
670,6
672,8
674,7
676,7
678,8
680,4
682,7
684,4
686,7
688,4
690,3
692,5
694,4
696,0
698,2
700,0
702,1
704,8
706,8
708,5
710,4
712,1
714,1
716,1
718,5
720,7
722,10
724,11
726,9
728,5
0,2
2,2
4,2
6,3
8,3
10,4
12,1
14,2
16,5
18,6
20,3
22,4
24,6
26,6
28,5
30,0
32,0
34,-2
36,-1
38,-3
40,-2
42,4
44,7
46,5
48,3
50,2
52,6
54,6
56,4
58,4
60,3
62,4
64,3
66,2
68,1
70,2
72,2
74,-1
76,4
78,3
80,3
82,0
84,-1
86,2
88,3
90,4
92,3
94,5
96,2
98,5
100,5
102,1
104,4
106,4
108,4
110,4
112,3
114,0
116,-2
118,-2
120,-1
122,1
124,1
126,2
128,3
130,3
132,4
134,3
136,1
138,4
140,5
142,4
144,5
146,5
148,4
150,2
152,2
154,-2
156,2
158,3
160,6
162,6
164,4
166,4
168,3
170,5
172,4
174,3
176,3
178,3
180,0
182,2
184,2
186,2
188,1
190,3
192,7
194,6
196,6
198,6
200,6
202,6
204,6
206,6
208,5
210,6
212,8
214,10
216,12
218,10
220,6
222,9
224,9
226,8
228,6
230,5
232,5
234,4
236,4
238,3
240,5
242,7
244,5
246,9
248,12
250,10
252,10
254,10
256,8
258,9
260,8
262,9
264,9
266,8
268,11
270,8
272,7
274,10
276,11
278,13
280,12
282,8
284,8
286,8
288,9
290,8
292,8
294,10
296,10
298,10
300,12
302,11
304,13
306,11
308,10
310,9
312,10
314,9
316,11
318,10
320,10
322,10
324,9
326,10
328,14
330,11
332,11
334,11
336,13
338,11
340,9
342,7
344,10
346,10
348,13
350,10
352,13
354,13
356,16
358,11
360,12
362,14
364,10
366,13
368,14
369,13
371,12
373,13
375,17
377,11
379,13
381,13
383,13
385,11
387,15
389,17
391,15
393,14
395,13
397,14
399,14
400,14
401,16
402,17
403,14
405,13
407,14
409,14
411,13
413,11
415,10
417,11
419,12
421,13
423,14
425,14
427,11
429,12
431,14
433,12
435,11
436,13
437,14
438,13
440,9
442,10
444,10
446,12
448,11
450,12
452,9
454,10
456,14
458,14
460,10
462,7
464,11
466,8
468,10
470,11
472,10
474,12
476,12
478,10
480,10
482,10
484,8
486,13
488,11
490,14
492,11
494,10
496,9
498,8
500,6
502,6
504,10
506,14
508,9
510,7
512,9
514,7
516,6
518,9
520,7
522,13
524,6
526,5
528,7
530,10
532,12
534,12
536,12
538,12
540,12
542,8
544,7
546,10
548,9
550,7
552,10
554,9
556,12
558,6
560,11
562,11
564,9
566,5
568,3
570,4
572,6
574,6
576,2
578,5
580,2
582,10
584,11
586,9
588,11
590,11
592,8
594,10
596,10
598,7
600,8
602,8
604,10
606,12
608,9
610,10
612,9
614,9
616,7
618,7
620,8
622,7
624,7
626,5
628,5
630,5
632,8
634,11
636,8
638,5
640,4
642,5
644,1
646,1
648,7
650,8
652,7
654,4
656,2
658,5
660,8
662,7
664,6
666,5
668,6
670,6
672,8
674,7
676,7
678,4
680,2
682,2
684,3
686,1
688,9
690,9
692,8
694,7
696,7
698,10
0,3
2,2
4,7
6,3
8,3
10,6
12,4
14,6
16,8
18,6
20,6
22,1
24,2
26,-1
28,3
30,7
32,9
34,8
36,7
38,7
40,3
42,2
44,3
46,6
48,9
50,7
52,4
54,5
56,3
58,1
60,6
62,6
64,7
66,9
68,7
70,5
72,5
74,6
76,4
78,4
80,0
82,-1
84,2
86,4
88,6
90,5
92,6
94,5
96,8
98,7
100,10
102,4
104,4
106,2
108,-1
110,6
112,6
114,2
116,-1
118,1
120,2
122,3
124,5
126,6
128,6
130,5
132,5
134,4
136,4
138,8
140,7
142,6
144,9
146,5
148,9
150,2
152,2
154,6
156,4
158,2
160,2
162,1
164,4
166,8
168,4
170,4
172,6
174,6
176,7
178,9
180,8
182,6
184,9
186,8
188,6
190,7
192,9
194,8
196,7
198,6
200,7
202,7
204,6
206,6
208,5
210,5
212,2
214,2
216,8
218,10
220,7
222,4
224,5
226,3
228,3
230,3
232,7
234,5
236,7
238,8
240,9
242,9
244,8
246,7
248,6
250,6
252,8
254,7
256,6
258,8
260,8
262,9
264,9
266,11
268,10
270,13
272,10
274,10
276,7
278,9
280,10
282,11
284,9
286,12
288,12
290,15
292,15
294,12
296,8
298,11
300,10
302,11
304,12
306,9
308,10
310,10
312,10
314,9
316,7
318,9
320,10
322,14
324,13
326,11
328,14
330,14
332,12
334,15
336,14
338,12
340,10
342,12
344,13
346,14
348,11
350,11
352,10
354,10
356,11
358,11
360,11
362,9
364,11
366,10
368,9
370,9
372,12
374,13
376,12
378,12
380,10
382,10
384,10
386,10
388,13
390,13
392,12
394,13
396,12
398,14
400,14
402,11
404,14
406,14
408,12
410,12
412,13
414,12
416,13
418,13
420,14
422,12
424,11
426,11
428,13
430,14
432,12
434,10
436,12
438,12
440,11
442,13
444,14
446,12
448,11
450,13
452,13
454,12
456,14
458,13
460,13
462,13
464,10
466,13
468,14
470,14
472,11
474,13
476,12
478,15
480,12
482,12
484,11
486,10
488,12
490,14
492,14
494,13
496,12
498,11
500,11
502,10
504,11
506,10
508,11
510,10
512,9
514,10
516,9
518,12
520,8
522,9
524,12
526,10
528,10
530,13
532,14
534,13
536,13
538,13
540,14
542,13
544,11
546,9
548,10
550,10
552,8
554,8
556,9
558,10
560,10
562,12
564,9
566,12
568,8
570,14
572,10
574,12
576,9
578,12
580,8
582,11
584,12
586,12
588,11
590,8
592,9
594,10
596,10
598,7
600,10
602,7
604,4
606,10
608,12
610,6
612,7
614,6
616,3
618,3
620,9
622,5
624,8
626,5
628,3
630,4
632,3
634,7
636,5
638,7
640,5
642,4
644,3
646,4
648,5
650,5
652,4
654,2
656,2
658,4
660,4
662,4
664,3
666,2
668,2
670,7
672,6
674,6
676,8
678,10
680,8
682,1
684,1
686,-2
688,1
690,1
692,3
694,0
696,4
698,1
700,3
702,3
704,10
706,8
708,6
710,4
712,11
714,8
716,5
718,1
720,1
722,2
724,-1
726,5
728,4
0,3
2,7
4,6
6,6
8,4
10,5
12,5
14,4
16,5
18,6
20,4
22,5
24,2
26,-1
28,1
30,0
32,2
34,-2
36,-1
38,-2
40,4
42,6
44,6
46,7
48,11
50,5
52,4
54,2
56,7
58,1
60,1
62,5
64,6
66,1
68,1
70,7
72,4
74,6
76,4
78,2
80,3
82,4
84,3
86,2
88,1
90,0
92,4
94,6
96,1
98,2
100,2
102,2
104,3
106,2
108,-1
110,-1
112,-1
114,-1
116,-1
118,4
120,6
122,0
124,2
126,3
128,2
130,0
132,-1
134,3
136,3
138,0
140,6
142,8
144,9
146,8
148,6
150,6
152,6
154,5
156,6
158,6
160,7
162,7
164,7
166,5
168,4
170,8
172,6
174,4
176,4
178,2
180,2
182,6
184,6
186,7
188,6
190,6
192,6
194,6
196,4
198,7
200,7
202,7
204,7
206,7
208,5
210,3
212,2
214,4
216,6
218,5
220,8
222,6
224,2
226,2
228,1
230,3
232,3
234,2
236,1
238,5
240,4
242,7
244,9
246,6
248,7
250,10
252,8
254,5
256,8
258,10
260,9
262,9
264,8
266,7
268,6
270,6
272,8
274,8
276,8
278,7
280,10
282,10
284,8
286,9
288,7
290,8
292,8
294,8
296,10
298,10
300,9
302,9
304,10
306,7
308,9
310,9
312,9
314,8
316,8
318,9
320,10
322,10
323,11
325,10
327,12
329,12
331,11
333,10
335,9
337,9
339,10
341,13
343,11
345,14
347,11
349,12
351,12
353,12
355,12
357,12
359,12
361,11
363,11
365,9
367,12
369,12
371,11
373,11
375,13
377,14
379,9
381,15
383,14
385,11
387,11
389,11
391,11
393,13
395,12
397,12
399,18
401,14
403,14
405,14
407,14
409,14
411,14
413,14
415,12
417,12
419,12
421,12
423,12
425,11
427,9
429,14
431,13
433,10
435,11
437,15
439,12
441,10
443,8
445,12
447,16
449,13
451,13
453,13
455,13
457,14
459,11
461,13
463,14
465,13
467,12
469,12
471,14
473,12
475,13
477,12
479,13
481,11
483,17
485,15
487,12
489,14
491,12
493,12
495,13
497,17
499,14
501,15
503,13
505,14
507,11
509,14
511,13
513,12
515,13
517,13
519,11
521,13
523,11
525,13
527,12
529,12
531,11
533,14
535,14
537,10
539,12
541,12
543,12
545,8
547,6
549,5
551,11
553,12
555,13
557,12
559,11
561,11
563,10
565,6
567,11
569,10
571,10
573,11
575,10
577,12
579,12
581,9
583,9
585,6
587,10
589,10
591,7
593,7
595,4
597,11
599,11
601,7
603,8
605,10
607,11
609,6
611,6
613,6
615,5
617,6
619,5
621,5
623,4
625,5
627,3
629,4
631,8
633,5
635,12
637,11
639,7
641,2
643,-1
645,0
647,-1
649,-1
651,5
653,2
655,3
657,3
659,8
661,5
663,6
665,4
667,6
669,8
671,7
673,5
675,5
677,0
679,6
681,11
683,10
685,8
687,8
689,7
691,8
693,4
695,9
697,8
699,9
701,5
703,9
705,10
707,5
709,6
711,3
713,5
715,2
717,8
719,3
721,6
723,5
725,8
727,11
729,9
0,8
2,4
4,2
6,2
8,6
10,6
12,5
14,4
16,5
18,6
20,2
22,5
24,1
26,1
28,5
30,3
32,1
34,3
36,0
38,1
40,4
42,4
44,5
46,1
48,5
50,4
52,5
54,4
56,0
58,3
60,3
62,2
64,0
66,1
68,0
70,4
72,5
74,5
76,4
78,7
80,6
82,3
84,4
86,5
88,4
90,6
92,6
94,2
96,8
97,
99,7
101,3
103,1
105,2
107,2
109,3
111,1
113,7
115,3
117,6
119,4
121,2
123,1
125,3
127,7
129,6
131,9
133,8
135,4
137,5
139,5
141,4
143,5
145,5
147,5
149,6
151,6
153,2
155,6
157,7
159,4
161,6
163,6
165,3
167,2
169,5
171,3
173,5
175,2
177,2
179,3
181,3
183,4
185,5
187,6
189,5
191,6
193,8
195,7
197,8
199,8
201,7
203,4
205,3
207,10
209,5
211,6
213,5
215,4
217,4
219,6
221,7
223,8
225,7
227,6
229,4
231,3
233,2
235,1
237,5
239,6
241,3
243,2
245,5
247,8
249,8
251,7
253,4
255,4
257,7
259,5
261,10
263,9
265,7
267,4
269,7
271,8
273,6
275,7
277,5
279,8
281,9
283,10
285,8
287,9
289,8
291,8
293,8
295,7
297,6
299,8
301,8
303,6
305,7
307,8
309,8
311,10
313,10
315,9
317,7
319,9
321,11
323,7
325,8
327,8
329,5
331,7
333,10
335,13
337,9
339,9
341,10
343,11
345,10
347,9
349,8
351,9
353,10
355,12
357,12
359,13
361,13
363,15
365,15
367,13
369,10
371,12
373,12
375,11
377,10
379,8
381,9
383,15
385,13
387,12
389,11
391,10
393,9
395,11
397,11
399,10
401,9
403,13
405,11
407,12
409,11
411,9
413,9
415,10
417,10
419,11
421,9
423,11
425,12
427,10
429,12
431,13
433,13
435,13
437,12
439,13
441,14
443,15
445,12
447,12
449,12
451,13
453,11
455,10
457,9
459,12
461,13
463,15
465,15
467,15
469,14
471,14
473,13
475,12
477,12
479,12
481,13
483,12
485,11
487,11
489,10
491,10
493,10
495,9
497,11
499,11
501,9
503,10
505,13
507,13
509,13
511,12
513,10
515,11
517,11
519,11
521,10
523,11
525,12
527,13
529,11
531,10
533,9
535,9
537,10
539,12
541,12
543,12
545,9
547,7
549,7
551,10
553,10
555,11
557,13
559,12
561,7
563,10
565,12
567,12
569,9
571,5
573,10
575,10
577,4
579,5
581,9
583,9
585,8
587,11
589,12
591,9
593,9
595,4
597,10
599,11
601,11
603,11
605,8
607,12
609,9
611,9
613,7
615,7
617,11
619,10
621,8
623,8
625,7
627,10
629,7
631,6
633,6
635,5
637,3
639,8
641,7
643,6
645,5
647,3
649,2
651,2
653,5
655,5
657,4
659,6
661,10
663,2
665,1
667,1
669,2
671,11
673,3
675,4
677,8
679,4
681,5
683,10
685,5
687,5
689,2
691,2
693,-1
695,2
697,7
699,9
701,10
703,9
705,11
707,9
709,7
711,7
713,5
715,8
717,4
719,4
721,4
723,8
725,8
727,10
729,3
0,6
2,6
4,7
6,6
8,1
10,6
12,7
14,6
16,3
18,4
20,2
22,2
24,4
26,4
28,6
30,6
32,7
34,6
36,8
38,6
40,6
42,6
44,6
46,3
48,6
50,4
52,5
54,4
56,6
58,4
60,5
62,6
64,4
66,6
68,6
70,6
72,5
74,2
76,4
78,5
80,4
82,3
84,1
86,4
88,3
90,5
92,3
94,-1
96,4
98,4
100,6
102,4
104,5
106,8
108,6
110,7
112,7
114,6
116,3
118,4
120,5
122,6
124,4
126,5
128,7
130,5
132,4
134,8
136,3
138,5
140,3
142,6
144,6
146,6
148,9
150,8
152,7
154,9
156,9
158,4
160,2
162,3
164,3
166,6
168,6
170,6
172,6
174,6
176,6
178,6
180,6
182,5
184,6
186,7
188,5
190,9
192,7
194,5
196,8
198,7
200,5
202,8
204,7
206,5
208,5
210,9
212,7
214,3
216,7
218,8
220,6
222,8
224,8
226,8
228,7
230,8
232,7
234,6
236,7
238,6
240,6
242,3
244,6
246,8
248,10
250,10
252,9
254,8
256,8
258,9
260,9
262,7
264,6
266,5
268,11
270,11
272,9
274,10
276,11
278,10
280,10
282,8
284,7
286,9
288,9
290,9
292,10
294,11
296,9
298,9
300,10
302,12
304,13
306,11
308,9
310,11
312,12
314,12
316,14
318,14
320,13
322,13
324,14
326,12
328,11
330,12
332,12
334,14
336,13
338,12
340,11
342,13
344,11
346,13
348,9
350,8
352,8
354,10
356,11
358,11
360,10
362,12
364,14
366,11
368,14
370,10
372,12
374,12
376,11
378,12
380,10
382,13
384,14
386,14
388,13
390,14
392,13
394,14
396,13
398,14
400,14
402,15
404,14
406,13
408,14
410,14
412,13
414,14
416,13
418,15
420,13
422,12
424,12
426,12
428,14
430,16
432,12
434,14
436,13
438,14
440,14
442,12
444,14
446,13
448,14
450,13
452,11
454,12
456,12
458,11
460,11
462,10
464,9
466,9
468,9
470,8
472,8
474,8
476,10
478,13
480,13
482,13
484,13
486,12
488,13
490,14
492,14
494,14
496,10
498,9
500,11
502,11
504,13
506,12
508,10
510,10
512,13
514,12
516,13
518,12
520,13
522,13
524,11
526,11
528,9
530,10
532,9
534,12
536,13
538,13
540,12
542,12
544,13
546,13
548,10
550,12
552,9
554,9
556,12
558,12
560,10
562,8
564,9
566,6
568,8
570,4
572,7
574,9
576,10
578,11
580,13
582,13
584,9
586,10
588,7
590,12
592,9
594,9
596,11
598,7
600,10
602,5
604,7
606,12
608,12
610,10
612,6
614,7
616,6
618,5
620,10
622,7
624,8
626,5
628,10
630,11
632,11
634,11
636,11
638,10
640,10
642,10
644,10
646,9
648,8
650,10
652,6
654,7
656,5
658,7
660,8
662,10
664,9
666,9
668,9
670,3
672,6
674,7
676,4
678,3
680,4
682,2
684,3
686,2
688,2
690,2
692,1
694,6
696,2
698,2
700,6
702,6
704,2
706,4
708,7
710,6
712,3
714,3
716,0
718,0
720,1
722,1
724,2
726,6
728,7
0,2
2,3
4,8
6,10
8,7
10,6
12,8
14,6
16,5
18,6
20,4
22,5
24,4
26,3
28,3
30,2
32,3
34,4
36,3
38,2
40,3
42,2
44,2
46,0
48,3
50,3
52,4
54,4
56,5
58,5
60,3
62,4
64,1
66,4
68,4
70,2
72,3
74,1
76,3
78,1
80,3
82,3
84,3
86,2
88,5
90,4
92,4
94,7
96,2
98,1
100,6
102,3
104,0
106,2
108,0
110,1
112,2
114,0
116,3
118,2
120,6
122,5
124,5
126,1
128,4
130,6
132,5
134,4
136,2
138,0
140,0
142,-1
144,-1
146,5
148,2
150,5
152,4
154,2
156,1
158,0
160,2
162,1
164,2
166,2
168,2
170,-1
172,0
174,1
176,-1
178,0
180,3
182,1
184,3
186,2
188,2
190,2
192,1
194,-1
196,2
198,3
200,4
202,3
204,2
206,7
208,9
210,8
212,6
214,8
216,4
218,6
220,8
222,6
224,7
226,6
228,6
230,3
232,3
234,6
236,5
238,4
240,7
242,2
244,5
246,3
248,8
250,10
252,7
254,9
256,8
258,7
260,7
262,7
264,5
266,7
268,7
270,6
272,6
274,8
276,8
278,10
280,8
282,6
284,5
286,7
288,7
290,9
292,10
294,10
296,9
298,10
300,8
302,7
304,8
306,12
308,13
310,9
312,10
314,10
316,10
318,10
320,10
322,10
324,11
326,12
328,11
330,11
332,10
334,10
336,11
338,12
340,11
342,12
344,12
346,11
348,9
350,10
352,11
354,9
356,12
358,10
360,14
362,11
364,9
366,13
368,14
370,13
372,14
374,11
376,13
378,17
380,11
382,13
384,15
386,12
388,12
390,16
392,17
394,16
396,19
398,15
400,12
402,13
404,13
406,14
408,15
410,14
412,14
414,13
416,13
418,14
420,14
422,13
424,13
426,15
428,16
430,14
432,11
434,11
436,12
438,10
440,15
442,12
444,12
446,11
448,10
450,12
452,14
454,14
456,13
458,12
460,13
462,13
464,14
466,13
468,14
470,14
472,13
474,11
476,14
478,10
480,13
482,14
484,10
486,11
488,16
490,14
492,14
494,13
496,8
498,11
500,13
502,7
504,11
506,11
508,11
510,7
512,7
514,11
516,6
518,8
520,7
522,8
524,9
526,11
528,15
530,14
532,12
534,10
536,7
538,11
540,13
542,13
544,12
546,12
548,12
550,13
552,13
554,10
556,14
558,15
560,13
562,8
564,7
566,5
568,7
570,9
572,11
574,9
576,10
578,9
580,8
582,11
584,12
586,12
588,11
590,12
592,7
594,9
596,8
598,9
600,7
602,7
604,6
606,8
608,6
610,5
612,7
614,6
616,1
618,3
620,4
622,4
624,2
626,3
628,8
630,6
632,5
634,7
636,7
638,11
640,4
642,4
644,0
646,3
648,3
650,2
652,4
654,4
656,1
658,7
660,9
662,7
664,6
666,5
668,8
670,6
672,6
674,2
676,5
678,-1
680,0
682,8
684,10
686,9
688,11
690,10
692,9
694,6
696,5
698,6
700,4
702,7
704,7
706,2
708,7
710,4
712,2
714,7
716,5
718,5
720,6
722,6
724,3
726,6
728,4
0,6
2,2
4,3
6,2
8,4
10,3
12,5
14,5
16,7
18,7
20,4
22,7
24,2
26,3
28,1
30,-1
32,2
34,7
36,2
38,2
40,4
42,4
44,2
46,2
48,7
50,4
52,0
54,2
56,6
58,4
60,5
62,4
64,0
66,0
68,4
70,2
72,1
74,3
76,4
78,6
80,6
82,5
84,2
86,6
88,6
90,7
92,8
94,4
96,4
98,0
100,4
102,5
104,8
106,6
108,6
110,5
112,4
114,8
116,13
118,9
120,9
122,5
124,6
126,4
128,1
130,4
132,6
134,3
136,10
138,7
140,8
142,9
144,8
146,8
148,8
150,6
152,5
154,2
156,5
158,12
160,10
162,6
164,4
166,7
168,8
170,8
172,8
174,10
176,9
178,8
180,5
182,4
184,3
186,2
188,2
190,4
192,6
194,4
196,6
198,5
200,6
202,4
204,4
206,4
208,4
210,2
212,2
214,6
216,7
218,5
220,7
222,7
224,7
226,6
228,6
230,8
232,6
234,4
236,3
238,4
240,4
242,6
244,7
246,4
248,6
250,2
252,1
254,3
256,6
258,6
260,5
262,6
264,5
266,9
268,8
270,6
272,4
274,4
276,5
278,6
280,7
282,8
284,9
286,11
288,14
290,11
292,14
294,11
296,9
298,9
300,5
302,7
304,5
306,5
308,7
310,6
312,6
314,9
316,10
318,10
320,10
322,9
324,8
326,8
328,8
330,5
332,9
334,9
336,9
338,9
340,9
342,8
344,11
346,12
348,11
350,11
352,10
354,8
356,11
358,10
360,12
362,12
364,11
366,8
368,11
370,12
372,13
374,13
376,11
378,10
380,10
382,10
384,9
386,10
388,10
390,10
392,12
394,9
396,11
398,10
400,11
402,10
404,11
406,13
408,15
410,13
412,12
414,12
416,11
418,11
420,10
422,11
424,10
426,12
428,13
430,13
432,12
434,11
436,11
438,12
440,11
442,12
444,11
446,11
448,14
450,14
452,14
454,13
456,14
458,12
460,15
462,14
464,14
466,13
468,13
470,14
472,12
474,11
476,10
478,12
480,13
482,13
484,10
486,7
488,14
490,13
492,15
494,14
496,11
498,10
500,11
502,13
504,14
506,12
508,8
510,7
512,8
514,10
516,12
518,12
520,9
522,7
524,5
526,6
528,5
530,6
532,7
534,10
536,10
538,10
540,6
542,10
544,9
546,10
548,11
550,9
552,5
554,6
556,5
558,5
560,7
562,7
564,5
566,6
568,10
570,10
572,10
574,9
576,4
578,3
580,1
582,6
584,4
586,8
588,6
590,4
592,9
594,5
596,5
598,2
600,3
602,7
604,6
606,3
608,8
610,1
612,4
614,4
616,5
618,1
620,6
622,9
624,8
626,8
628,6
630,4
632,4
634,9
636,8
638,6
640,7
642,4
644,2
646,6
648,8
650,7
652,8
654,6
656,4
658,5
660,3
662,4
664,3
666,1
668,0
670,1
672,0
674,1
676,3
678,1
680,0
682,2
684,1
686,4
688,3
690,0
692,1
694,-3
696,4
698,5
700,5
702,6
704,3
706,7
708,7
710,6
712,5
714,6
716,5
718,3
720,2
722,2
724,4
726,9
728,4
730,6
